<?xml version="1.0" encoding="UTF-8"?>
<project-private xmlns="http://www.netbeans.org/ns/project-private/1">
    <editor-bookmarks xmlns="http://www.netbeans.org/ns/editor-bookmarks/2" lastBookmarkId="0"/>
    <open-files xmlns="http://www.netbeans.org/ns/projectui-open-files/2">
        <group>
            <file>file:/C:/Users/Alumnos_IBT/Documents/PGC/repos/EIN080B/03.Demos/DemoMDI301/src/gui/DialogAbout.java</file>
            <file>file:/C:/Users/Alumnos_IBT/Documents/PGC/repos/EIN080B/03.Demos/DemoMDI301/src/gui/FrmAbout.java</file>
            <file>file:/C:/Users/Alumnos_IBT/Documents/PGC/repos/EIN080B/03.Demos/DemoMDI301/src/gui/FrmAccion1.java</file>
            <file>file:/C:/Users/Alumnos_IBT/Documents/PGC/repos/EIN080B/03.Demos/DemoMDI301/src/gui/FrmMain.java</file>
            <file>file:/C:/Users/Alumnos_IBT/Documents/PGC/repos/EIN080B/03.Demos/DemoMDI301/src/gui/FrmAccion2.java</file>
        </group>
    </open-files>
</project-private>
